conc_Thiacloprid,conc_Flonicamid,conc_Acetamiprid,conc_Cymoxanil,conc_Propamocarb,conc_Oxathiapiprolin,conc_Chlorantraniliprole,conc_Mandipropamid,conc_Fluopicolide,conc_Fluxapyroxad,conc_Boscalid,conc_Flutolanil,conc_Terbuthylazine,conc_Pyrimethanil,conc_Metobromuron,conc_Metribuzin,conc_Pyraclostrobin,conc_Prothioconazole,conc_Dodine,conc_Indoxacarb,conc_Trifloxystrobin,conc_Difenoconazole,conc_Isopyrazam,conc_Prosulfocarb,conc_Bixafen,conc_Carfentrazone-ethyl,conc_Epoxiconazole,conc_Cyazofamid,conc_Dimethomorph,conc_Cyflufenamid,an_name,pest_ID,samp_type,week,conc_Glyphosate,conc_AMPA
-999,-999,-999,-999,-999,-999,-999,-999,-999,-999,-999,-999,-999,-999,-999,-999,-999,-999,278.5714285714286,-999,-999,-999,-999,-999,60.888888888888886,-999,-999,-999,-999,-999,20190315_S_1_2-LC,10001,S,04,-999,-999
-999,-999,-999,-999,-999,-999,-999,-999,-999,-999,-999,-999,-999,-999,-999,-999,-999,-999,-999,-999,-999,-999,-999,-999,-999,-999,-999,-999,-999,-999,20190315_W_1-LC,10001,W,03,-999,-999
-999,-999,-999,-999,-999,-999,-999,544,17.3,-999,-999,64.3,-999,-999,1250,146.66666666666666,-999,-999,-999,-999,-999,-999,38.888888888888886,1320,70.88888888888889,-999,40.77777777777778,-999,-999,-999,20190510_S_1_9-LC,10002,S,12,1900,-999
-999,-999,-999,-999,-999,-999,-999,-999,-999,-999,-999,-999,-999,-999,45.7,11.222222222222221,-999,-999,-999,-999,-999,-999,-999,-999,-999,-999,-999,-999,-999,-999,20190510_W_1_9-LC,10002,W,03,-999,-999
-999,-999,-999,-999,-999,-999,-999,-999,8.01,-999,-999,16.9,-999,-999,568,52.666666666666664,-999,-999,-999,-999,-999,-999,25,769,45.33333333333333,-999,19.555555555555557,-999,-999,-999,20190528_S_1-LC,10003,S,18,437.49999999999994,446.25
-999,-999,-999,-999,-999,-999,-999,-999,-999,-999,-999,-999,-999,-999,57.9,6.877777777777778,-999,-999,-999,-999,-999,-999,-999,-999,-999,-999,-999,-999,-999,-999,20190528_W_1-LC,10003,W,12,-999,-999
-999,-999,-999,-999,-999,-999,-999,-999,6.97,-999,-999,19.1,-999,-999,311,39.111111111111114,-999,-999,-999,-999,-999,-999,20.999999999999996,492,40.22222222222222,-999,16.77777777777778,-999,-999,-999,20190528_S_2-LC,10004,S,12,416.25,386.25
-999,-999,-999,-999,-999,-999,-999,-999,-999,-999,-999,-999,-999,-999,20.7,3.5888888888888886,-999,-999,-999,-999,-999,-999,-999,-999,-999,-999,-999,-999,-999,-999,20190528_W_2-LC,10004,W,04,-999,-999
-999,-999,-999,-999,-999,-999,-999,-999,7.25,-999,-999,17.9,-999,-999,397,38.888888888888886,-999,-999,-999,-999,-999,-999,21.222222222222225,513,39,-999,16.555555555555557,-999,-999,-999,20190528_S_3-LC,10005,S,12,412.5,497.5
-999,-999,-999,-999,-999,-999,-999,-999,-999,-999,-999,-999,-999,-999,22.2,-999,-999,-999,-999,-999,-999,-999,-999,-999,-999,-999,-999,-999,-999,-999,20190528_W_3-LC,10005,W,04,-999,-999
-999,-999,-999,-999,-999,-999,-999,-999,11.9,-999,-999,20.9,-999,-999,420,50.55555555555556,-999,-999,-999,-999,-999,-999,32.11111111111111,537,57.77777777777778,-999,26.77777777777778,-999,-999,-999,20190528_S_4-LC,10006,S,12,549.9999999999999,598.7499999999999
-999,-999,-999,-999,-999,-999,-999,-999,-999,-999,-999,-999,-999,-999,27.3,3.488888888888889,-999,-999,-999,-999,-999,-999,-999,-999,-999,-999,-999,-999,-999,-999,20190528_W_4-LC,10006,W,04,-999,-999
-999,-999,-999,-999,-999,-999,-999,-999,10.7,-999,-999,16.9,-999,-999,454,48.666666666666664,-999,-999,-999,-999,-999,-999,27.444444444444443,625,48.77777777777777,-999,23.333333333333332,-999,-999,-999,20190528_S_5-LC,10007,S,12,588.7499999999999,551.25
-999,-999,-999,-999,-999,-999,-999,-999,-999,-999,-999,-999,-999,-999,15.1,-999,-999,-999,-999,-999,-999,-999,-999,-999,-999,-999,-999,-999,-999,-999,20190528_W_5-LC,10007,W,04,-999,-999
-999,-999,-999,-999,-999,-999,-999,-999,11.6,-999,-999,15.8,-999,-999,546,46.99999999999999,-999,-999,-999,-999,-999,-999,28.22222222222222,793,50,-999,24.555555555555557,-999,-999,-999,20190528_S_6-LC,10008,S,12,772.5,714.9999999999999
-999,-999,-999,-999,-999,-999,-999,-999,-999,-999,-999,-999,-999,-999,34.6,4.311111111111111,-999,-999,-999,-999,-999,-999,-999,-999,-999,-999,-999,-999,-999,-999,20190528_W_6-LC,10008,W,04,-999,-999
-999,-999,-999,-999,-999,-999,-999,-999,12.5,11.11111111111111,-999,14.3,-999,-999,573,52.44444444444444,-999,-999,-999,-999,-999,-999,30.555555555555554,817,52.77777777777778,-999,26.888888888888886,-999,-999,-999,20190528_S_7-LC,10009,S,18,851.2500000000001,787.5
-999,-999,-999,-999,-999,-999,-999,-999,-999,-999,-999,-999,-999,-999,19.4,-999,-999,-999,-999,-999,-999,-999,-999,-999,-999,-999,-999,-999,-999,-999,20190528_W_7-LC,10009,W,04,-999,-999
-999,-999,-999,-999,-999,-999,-999,-999,14.4,17,-999,17.2,-999,-999,486,44,-999,-999,-999,-999,-999,-999,31.444444444444443,601,57.55555555555555,-999,29.555555555555557,-999,-999,-999,20190528_S_8_12-LC,10010,S,12,1004.9999999999999,899.9999999999999
-999,-999,-999,-999,-999,-999,-999,-999,-999,-999,-999,-999,-999,-999,80.5,11.222222222222221,-999,-999,-999,-999,-999,-999,-999,-999,-999,-999,-999,-999,-999,-999,20190528_W_8_12-LC,10010,W,04,-999,-999
-999,-999,-999,-999,-999,-999,-999,63.3,19.3,-999,27.2,-999,-999,-999,31.1,-999,18.666666666666668,-999,-999,-999,-999,-999,-999,14.3,97.77777777777777,-999,16.77777777777778,-999,-999,-999,20190606_S_1_2-LC,10011,S,04,641.25,-999
-999,-999,-999,-999,-999,-999,-999,47.7,-999,-999,-999,-999,-999,-999,19.7,5.055555555555555,-999,-999,-999,-999,-999,-999,-999,-999,-999,-999,-999,-999,-999,-999,20190606_W_1_2-LC,10011,W,12,-999,-999
27.25,-999,-999,29.9,-999,-999,-999,953,12.8,-999,-999,9.65,-999,-999,190,22.77777777777778,-999,49.99444800341661,-999,-999,-999,-999,31.22222222222222,95.2,100.77777777777777,-999,41.55555555555555,-999,1300,-999,20190615_S_1_9-LC,10012,S,18,539.9999999999999,708.7499999999999
8.3125,-999,-999,-999,-999,-999,-999,17.8,-999,-999,-999,-999,-999,-999,9.18,3.6555555555555554,-999,-999,-999,-999,-999,-999,-999,-999,-999,-999,-999,-999,88.66666666666666,-999,20190615_W_1_9-LC,10012,W,12,-999,-999
-999,-999,-999,-999,104.8,33.44444444444444,-999,75.4,339,-999,-999,-999,-999,-999,17.5,-999,-999,-999,-999,-999,-999,502.22222222222223,16.555555555555557,7,48.22222222222222,-999,17.11111111111111,21.333333333333332,90.66666666666666,-999,20190818_S_1-LC,10013,S,12,-999,228.74999999999997
-999,-999,-999,-999,-999,-999,-999,-999,4.73,-999,-999,-999,-999,-999,-999,-999,-999,-999,-999,-999,-999,-999,-999,-999,-999,-999,-999,-999,-999,-999,20190818_W_1-LC,10013,W,04,14.499999999999998,-999
14.125,-999,-999,-999,110.2,62.44444444444444,-999,222,315,-999,-999,-999,-999,-999,53.9,-999,-999,-999,-999,-999,-999,677.7777777777777,19.11111111111111,22,54.77777777777777,-999,23.11111111111111,31.444444444444443,151.11111111111111,-999,20190818_S_10_12-LC,10014,S,12,371.24999999999994,789.9999999999999
-999,-999,-999,-999,-999,-999,-999,-999,9.37,-999,-999,-999,-999,-999,-999,-999,-999,-999,-999,-999,-999,-999,-999,-999,-999,-999,-999,-999,-999,-999,20190818_W_10_12-LC,10014,W,04,-999,-999
-999,-999,-999,-999,73.2,23,-999,58.8,253,-999,-999,-999,-999,-999,16,-999,-999,-999,-999,-999,-999,422.22222222222223,10.988888888888889,-999,31.11111111111111,-999,11.333333333333332,17.333333333333332,59.222222222222214,-999,20190818_S_2-LC,10015,S,12,176.24999999999997,267.49999999999994
-999,-999,-999,-999,-999,-999,-999,-999,5.3,-999,-999,-999,-999,-999,-999,-999,-999,-999,-999,-999,-999,-999,-999,-999,-999,-999,-999,-999,-999,-999,20190818_W_2-LC,10015,W,04,-999,-999
-999,-999,-999,-999,77,25.11111111111111,-999,112,252,-999,-999,-999,-999,-999,17.9,-999,-999,-999,-999,-999,-999,392.22222222222223,17.333333333333332,6.96,48.666666666666664,-999,17.444444444444443,33.77777777777778,93.66666666666666,-999,20190818_S_3-LC,10016,S,12,172.50000000000003,251.24999999999997
-999,-999,-999,-999,-999,-999,-999,-999,5.01,-999,-999,-999,-999,-999,-999,-999,-999,-999,-999,-999,-999,-999,-999,-999,-999,-999,-999,-999,-999,-999,20190818_W_3-LC,10016,W,04,-999,-999
-999,-999,-999,-999,65.4,27.333333333333336,-999,122,209,-999,-999,-999,-999,-999,19.9,-999,-999,-999,-999,-999,-999,387.77777777777777,15.333333333333334,8.19,43,-999,15.88888888888889,30.333333333333332,91.55555555555556,-999,20190818_S_4-LC,10017,S,12,150,201.24999999999997
-999,-999,-999,-999,-999,-999,-999,-999,-999,-999,-999,-999,-999,-999,-999,-999,-999,-999,-999,-999,-999,-999,-999,-999,-999,-999,-999,-999,-999,-999,20190818_W_4-LC,10017,W,04,-999,-999
-999,-999,-999,-999,79,30.999999999999996,-999,160,276,-999,-999,-999,-999,-999,25.7,-999,-999,-999,-999,-999,-999,451.1111111111111,18,12.2,51.11111111111111,-999,18.666666666666668,39,116.66666666666666,-999,20190818_S_5-LC,10018,S,12,156.25,263.75
-999,-999,-999,-999,-999,-999,-999,-999,-999,-999,-999,-999,-999,-999,-999,-999,-999,-999,-999,-999,-999,-999,-999,-999,-999,-999,-999,-999,-999,-999,20190818_W_5-LC,10018,W,04,-999,-999
-999,-999,-999,-999,68,33.22222222222222,-999,166,211,-999,-999,-999,-999,-999,30.5,-999,-999,-999,-999,-999,-999,453.3333333333333,15.444444444444445,12.9,44.66666666666667,-999,17.555555555555557,42.77777777777778,109.66666666666667,-999,20190818_S_6-LC,10019,S,12,276.25,452.49999999999994
-999,-999,-999,-999,-999,-999,-999,-999,3.87,-999,-999,-999,-999,-999,-999,-999,-999,-999,-999,-999,-999,-999,-999,-999,-999,-999,-999,-999,-999,-999,20190818_W_6-LC,10019,W,04,-999,-999
10.037499999999998,-999,-999,-999,93.6,46.99999999999999,-999,230,267,-999,-999,-999,-999,-999,45.1,-999,-999,-999,-999,-999,-999,586.6666666666666,19.77777777777778,18.6,57.44444444444444,-999,24.555555555555557,56.22222222222222,150,-999,20190818_S_7-LC,10020,S,12,196.24999999999997,396.25
-999,-999,-999,-999,-999,-999,-999,-999,-999,-999,-999,-999,-999,-999,-999,-999,-999,-999,-999,-999,-999,-999,-999,-999,-999,-999,-999,-999,-999,-999,20190818_W_7-LC,10020,W,04,-999,-999
8.725,-999,-999,-999,87,43.22222222222222,-999,190,197,-999,-999,-999,-999,-999,44.1,-999,-999,-999,-999,-999,-999,523.3333333333334,14.777777777777779,19.1,42.44444444444445,-999,19.77777777777778,36.11111111111111,117.77777777777777,-999,20190818_S_8_9-LC,10021,S,12,229.99999999999997,498.75
-999,-999,-999,-999,-999,-999,-999,-999,7.59,-999,-999,-999,-999,-999,-999,-999,-999,-999,-999,-999,-999,-999,-999,-999,-999,-999,-999,-999,-999,-999,20190818_W_8_9-LC,10021,W,04,-999,-999
915,-999,-999,-999,-999,-999,-999,4050,31.6,-999,27.8,-999,-999,-999,1210,37.22222222222222,-999,33.32963200227774,-999,-999,-999,28.666666666666668,28.11111111111111,801,118.88888888888889,-999,73.55555555555556,-999,-999,-999,20200617_S_1_4-LC,10022,S,18,884.9999999999999,1161.25
5.4,-999,-999,-999,-999,-999,-999,14.5,-999,-999,-999,-999,-999,-999,5.88,-999,-999,-999,-999,-999,-999,-999,-999,-999,-999,-999,-999,-999,-999,-999,20200617_W_1_4-LC,10022,W,04,-999,-999
1203.75,-999,-999,-999,-999,-999,-999,3820,31.1,-999,27.8,-999,-999,-999,1770,51.11111111111111,-999,22.27693786034593,-999,-999,-999,23,27.22222222222222,1100,103.77777777777779,-999,70.77777777777779,-999,-999,-999,20200617_S_10_12-LC,10023,S,18,1173.7499999999998,1625
8.2875,-999,-999,-999,-999,-999,-999,17.7,-999,-999,-999,-999,-999,-999,9.42,-999,-999,-999,-999,-999,-999,-999,-999,-999,-999,-999,-999,-999,-999,-999,20200617_W_10_12-LC,10023,W,12,-999,-999
2200,-999,-999,-999,-999,-999,-999,7760,45.8,-999,37.8,-999,-999,-999,2670,81.77777777777777,-999,-999,-999,-999,-999,28.777777777777775,41.22222222222222,1580,135.55555555555554,-999,112.22222222222221,-999,-999,-999,20200617_S_5-LC,10024,S,18,1375,1612.5
19.125,-999,-999,-999,-999,-999,-999,14,-999,-999,-999,-999,-999,-999,21.8,-999,-999,-999,-999,-999,-999,-999,-999,-999,-999,-999,-999,-999,-999,-999,20200617_W_5-LC,10024,W,18,-999,-999
1775,-999,-999,-999,-999,-999,-999,8020,31.9,-999,27.5,-999,-999,-999,2190,60.33333333333333,-999,-999,-999,-999,-999,21.555555555555554,31.666666666666664,1360,101.66666666666666,-999,82,-999,-999,-999,20200617_S_6-LC,10025,S,18,1236.2499999999998,1375
15.625,-999,-999,-999,-999,-999,-999,38.3,4.11,-999,-999,-999,-999,-999,18.5,-999,-999,-999,-999,-999,-999,-999,-999,-999,-999,-999,-999,-999,-999,-999,20200617_W_6-LC,10025,W,12,-999,-999
2012.5,-999,-999,-999,-999,-999,-999,7550,8.96,-999,9.83,-999,-999,-999,2420,26.22222222222222,-999,-999,-999,-999,-999,-999,-999,1570,21.444444444444446,-999,24.22222222222222,-999,-999,-999,20200617_S_7-LC,10026,S,18,1449.9999999999998,1762.4999999999998
27.25,-999,-999,-999,-999,-999,-999,23.8,-999,-999,-999,-999,-999,-999,28.2,-999,-999,-999,-999,-999,-999,-999,-999,-999,-999,-999,-999,-999,-999,-999,20200617_W_7-LC,10026,W,12,-999,-999
1437.5,-999,-999,-999,-999,-999,-999,6400,36.3,-999,32.6,-999,-999,-999,1940,61.11111111111111,-999,-999,-999,-999,-999,23.11111111111111,33.888888888888886,1130,110.77777777777777,-999,86,-999,-999,-999,20200617_S_8_9-LC,10027,S,18,1222.5,1599.9999999999998
16.25,-999,-999,-999,-999,-999,-999,21.1,-999,-999,-999,-999,-999,-999,17.2,-999,-999,-999,-999,-999,-999,-999,-999,-999,-999,-999,-999,-999,-999,-999,20200617_W_8_9-LC,10027,W,12,-999,-999
82.125,10.41111111111111,105,-999,-999,61.77777777777778,20.88888888888889,2150,27.8,-999,27.6,-999,-999,-999,483,28.555555555555554,-999,-999,-999,-999,-999,27.111111111111107,21.333333333333332,315,86.22222222222221,-999,49.66666666666667,131.11111111111111,-999,-999,20200627_S_1_5-LC,10028,S,18,622.4999999999999,1474.9999999999998
-999,-999,6.25,-999,-999,-999,-999,14.9,-999,-999,-999,-999,-999,-999,4.05,-999,-999,-999,-999,-999,-999,-999,-999,-999,-999,-999,-999,-999,-999,-999,20200627_W_1_5-LC,10028,W,03,-999,-999
113.87499999999999,9.466666666666667,65.6,-999,-999,32.88888888888889,-999,1750,37.8,-999,37.4,-999,-999,-999,629,31.555555555555554,-999,-999,-999,-999,-999,22.444444444444443,29.555555555555557,338,95.22222222222223,-999,68.66666666666666,1877.7777777777778,-999,-999,20200701_S_1_12-LC,10029,S,18,381.25,752.5
-999,-999,-999,-999,-999,-999,-999,5.64,-999,-999,-999,-999,-999,-999,-999,-999,-999,-999,-999,-999,-999,-999,-999,-999,-999,-999,-999,-999,-999,-999,20200701_W_1_12-LC,10029,W,04,-999,-999
166.25,-999,42.4,-999,-999,-999,12.444444444444443,767,16,16.444444444444446,89.5,-999,-999,-999,99.2,-999,12.222222222222221,-999,-999,-999,-999,85.1111111111111,12.666666666666666,51.2,53.22222222222222,-999,43.22222222222222,94.33333333333334,-999,-999,20200812_S_1_12-LC,10030,S,12,-999,-999
-999,-999,-999,-999,-999,-999,-999,-999,-999,-999,-999,-999,-999,-999,-999,-999,-999,-999,-999,-999,-999,-999,-999,-999,-999,-999,-999,-999,-999,-999,20200812_W_1_12-LC,10030,W,04,-999,-999
28.125,-999,-999,-999,-999,-999,-999,376,8.08,-999,22,-999,-999,-999,36.8,-999,-999,-999,-999,-999,-999,22.444444444444443,-999,16.9,39.33333333333333,-999,16,-999,-999,-999,20200813_S_1_2-LC,10031,S,12,-999,-999
-999,-999,-999,-999,-999,-999,-999,-999,-999,-999,-999,-999,-999,-999,-999,-999,-999,-999,-999,-999,-999,-999,-999,-999,-999,-999,-999,-999,-999,-999,20200813_W_1_2-LC,10031,W,04,13.125,-999
276.25,-999,54,-999,-999,-999,-999,556,21.6,-999,34.2,-999,-999,-999,149,-999,-999,-999,-999,-999,-999,103.99999999999999,20.333333333333332,68.8,82.88888888888889,-999,47.44444444444445,82.33333333333333,-999,-999,20200813_S_3-LC,10032,S,18,346.25,851.2500000000001
-999,-999,2.94,-999,-999,-999,-999,4.02,-999,-999,-999,-999,-999,-999,-999,-999,-999,-999,-999,-999,-999,-999,-999,-999,-999,-999,-999,-999,-999,-999,20200813_W_3-LC,10032,W,04,13.374999999999998,-999
421.25,-999,121,-999,-999,10.088888888888889,-999,961,27.3,-999,43.2,-999,-999,-999,194,12.11111111111111,-999,-999,-999,-999,-999,128.88888888888889,25.777777777777775,129,97.55555555555554,-999,59,114.44444444444444,-999,-999,20200813_S_4-LC,10033,S,18,-999,932.5
-999,-999,-999,-999,-999,-999,-999,-999,-999,-999,-999,-999,-999,-999,-999,-999,-999,-999,-999,-999,-999,-999,-999,-999,-999,-999,-999,-999,-999,-999,20200813_W_4-LC,10033,W,04,-999,-999
387.5,-999,79.8,-999,-999,-999,-999,532,21.7,-999,37.5,-999,-999,-999,153,9.966666666666667,-999,-999,-999,-999,-999,94.11111111111111,20.666666666666668,66.1,75.66666666666666,-999,45.55555555555556,100.1111111111111,-999,-999,20200813_S_5-LC,10034,S,18,433.74999999999994,947.5
-999,-999,-999,-999,-999,-999,-999,2.95,-999,-999,-999,-999,-999,-999,-999,-999,-999,-999,-999,-999,-999,-999,-999,-999,-999,-999,-999,-999,-999,-999,20200813_W_5-LC,10034,W,04,-999,-999
340,-999,74.4,-999,-999,-999,-999,595,25.1,-999,42.6,-999,-999,-999,166,10.711111111111112,-999,-999,-999,-999,-999,101.66666666666666,24.555555555555557,127,84.66666666666667,-999,54.111111111111114,99.55555555555554,-999,-999,20200813_S_6-LC,10035,S,18,-999,841.25
-999,-999,2.63,-999,-999,-999,-999,3.01,-999,-999,-999,-999,-999,-999,-999,-999,-999,-999,-999,-999,-999,-999,-999,-999,-999,-999,-999,-999,-999,-999,20200813_W_6-LC,10035,W,04,-999,-999
261.25,-999,59.2,-999,-999,-999,-999,1430,21,-999,39.3,-999,-999,-999,140,-999,-999,-999,-999,-999,-999,84.11111111111111,20.999999999999996,69.5,72.33333333333333,-999,48.33333333333333,85.44444444444444,-999,-999,20200813_S_7-LC,10036,S,18,-999,-999
-999,-999,-999,-999,-999,-999,-999,-999,-999,-999,-999,-999,-999,-999,-999,-999,-999,-999,-999,-999,-999,-999,-999,-999,-999,-999,-999,-999,-999,-999,20200813_W_7-LC,10036,W,04,-999,-999
303.75,-999,58.7,-999,-999,-999,-999,1270,22.5,-999,45.6,-999,-999,-999,159,-999,-999,-999,-999,-999,-999,82.88888888888889,20.333333333333332,63.5,71.66666666666667,-999,47.88888888888889,78.99999999999999,-999,-999,20200813_S_8_12-LC,10037,S,12,547.5,869.9999999999999
-999,-999,-999,-999,-999,-999,-999,-999,-999,-999,-999,-999,-999,-999,-999,-999,-999,-999,-999,-999,-999,-999,-999,-999,-999,-999,-999,-999,-999,-999,20200813_W_8_12-LC,10037,W,04,-999,-999
73.625,-999,10.7,-999,-999,-999,-999,645,11.9,-999,15.8,-999,-999,-999,115,-999,-999,-999,-999,-999,-999,28.88888888888889,11.222222222222221,41.9,53,-999,23.22222222222222,8.5,-999,-999,20200816_S_1-LC,10038,S,12,2000,767.5
-999,-999,-999,-999,-999,-999,-999,-999,-999,-999,-999,-999,-999,-999,-999,-999,-999,-999,-999,-999,-999,-999,-999,-999,-999,-999,-999,-999,-999,-999,20200816_W_1-LC,10038,W,04,-999,-999
56.875,-999,7.39,-999,-999,-999,-999,793,11.1,-999,15.9,-999,-999,-999,135,-999,-999,-999,-999,-999,-999,11.444444444444445,10.566666666666666,42.9,41.666666666666664,-999,21.555555555555554,-999,-999,-999,20200816_S_2-LC,10039,S,12,476.25,488.75
-999,-999,-999,-999,-999,-999,-999,3.32,-999,-999,-999,-999,-999,-999,-999,-999,-999,-999,-999,-999,-999,-999,-999,-999,-999,-999,-999,-999,-999,-999,20200816_W_2-LC,10039,W,04,-999,-999
68.75,-999,7.3,-999,-999,-999,-999,835,20.9,-999,26.3,-999,-999,-999,203,7.377777777777777,-999,-999,-999,-999,-999,17.444444444444443,18.333333333333332,59.3,64.66666666666667,-999,36.11111111111111,10.944444444444445,-999,-999,20200816_S_3-LC,10040,S,12,340,577.5
-999,-999,-999,-999,-999,-999,-999,-999,-999,-999,-999,-999,-999,-999,-999,-999,-999,-999,-999,-999,-999,-999,-999,-999,-999,-999,-999,-999,-999,-999,20200816_W_3-LC,10040,W,04,-999,-999
65.75,-999,-999,-999,-999,-999,-999,731,22.7,-999,27.4,-999,-999,-999,205,-999,-999,-999,-999,-999,-999,16.88888888888889,20.22222222222222,61.3,64.33333333333333,-999,39.22222222222222,-999,-999,-999,20200816_S_4-LC,10041,S,12,418.75,577.5
-999,-999,-999,-999,-999,-999,-999,-999,-999,-999,-999,-999,-999,-999,-999,-999,-999,-999,-999,-999,-999,-999,-999,-999,-999,-999,-999,-999,-999,-999,20200816_W_4-LC,10041,W,04,-999,-999
56.875,-999,-999,-999,-999,-999,-999,784,22.7,-999,27.9,-999,-999,-999,166,-999,-999,-999,-999,-999,-999,16.333333333333332,51.11111111111111,50,64.77777777777777,-999,88.66666666666666,-999,-999,-999,20200816_S_5-LC,10042,S,12,397.49999999999994,675
-999,-999,-999,-999,-999,-999,-999,-999,-999,-999,-999,-999,-999,-999,-999,-999,-999,-999,-999,-999,-999,-999,-999,-999,-999,-999,-999,-999,-999,-999,20200816_W_5-LC,10042,W,04,-999,-999
74.375,-999,-999,-999,-999,-999,-999,940,32.5,-999,46.7,-999,-999,-999,252,10.11111111111111,-999,-999,-999,-999,-999,28.666666666666668,25.22222222222222,74.2,91.22222222222221,-999,53.11111111111111,-999,-999,-999,20200831_S_1_12-LC,10043,S,18,-999,932.5
-999,-999,-999,-999,-999,-999,-999,-999,-999,-999,-999,-999,-999,-999,-999,-999,-999,-999,-999,-999,-999,-999,-999,-999,-999,-999,-999,-999,-999,-999,20200831_W_1_12-LC,10043,W,04,-999,-999
-999,-999,-999,-999,-999,-999,-999,113,18.7,-999,-999,17.7,-999,-999,246,26.333333333333332,-999,24.752153178162146,-999,-999,-999,-999,42.44444444444445,-999,96.22222222222221,-999,41,-999,-999,-999,20200924_S_1_9-LC,10044,S,18,566250,23624.999999999996
-999,-999,-999,-999,-999,-999,-999,-999,-999,-999,-999,-999,-999,-999,-999,-999,-999,-999,-999,-999,-999,-999,-999,-999,-999,-999,-999,-999,-999,-999,20200924_W_1_9-LC,10044,W,04,2199.9999999999995,-999
-999,-999,-999,-999,-999,-999,-999,81.5,26,-999,27.6,-999,-999,-999,47.4,-999,-999,-999,-999,-999,-999,20.333333333333332,-999,17.4,59.66666666666667,-999,34.11111111111111,-999,-999,-999,20200928_S_1_12-LC,10045,S,03,83750,17375
-999,-999,-999,-999,-999,-999,-999,-999,-999,-999,-999,-999,-999,-999,-999,-999,-999,-999,-999,-999,-999,-999,-999,-999,-999,-999,-999,-999,-999,-999,20200928_W_1_12-LC,10045,W,04,193.74999999999997,-999
-999,-999,-999,-999,-999,-999,-999,120,31.9,-999,36.6,-999,-999,-999,48.9,-999,-999,-999,-999,-999,-999,9.8,17.77777777777778,21.7,86,-999,41.22222222222222,-999,-999,-999,20201008_S_1_12-LC,10046,S,12,2887.4999999999995,2362.5
-999,-999,-999,-999,-999,-999,-999,-999,-999,-999,-999,-999,-999,-999,-999,-999,-999,-999,-999,-999,-999,-999,-999,-999,-999,-999,-999,-999,-999,-999,20201008_W_1_12-LC,10046,W,12,26.749999999999996,-999
-999,-999,-999,-999,-999,-999,-999,56.1,22.4,-999,39.6,-999,-999,-999,28,-999,-999,-999,-999,-999,-999,-999,12.11111111111111,20.9,61.666666666666664,-999,26.888888888888886,-999,-999,-999,20201023_S_1_2-LC,10047,S,12,1724.9999999999998,1900
-999,-999,-999,-999,-999,-999,-999,-999,-999,-999,-999,-999,-999,-999,-999,-999,-999,-999,-999,-999,-999,-999,-999,-999,-999,-999,-999,-999,-999,-999,20201023_W_1_2-LC,10047,W,04,22.499999999999996,-999
-999,-999,-999,-999,-999,-999,-999,79.6,28.5,-999,37.4,-999,-999,-999,30.3,-999,-999,-999,-999,-999,-999,-999,18.22222222222222,19,81.11111111111111,-999,37.11111111111111,-999,-999,-999,20201023_S_3-LC,10048,S,04,992.5,1350
-999,-999,-999,-999,-999,-999,-999,-999,-999,-999,-999,-999,-999,-999,-999,-999,-999,-999,-999,-999,-999,-999,-999,-999,-999,-999,-999,-999,-999,-999,20201023_W_3-LC,10048,W,04,-999,-999
-999,-999,-999,-999,-999,-999,-999,168,36.8,-999,46.2,-999,-999,-999,43.5,-999,-999,-999,-999,-999,-999,-999,23,23,99.77777777777777,-999,48.22222222222222,-999,-999,-999,20201023_S_4-LC,10049,S,18,913.75,1300
-999,-999,-999,-999,-999,-999,-999,-999,-999,-999,-999,-999,-999,-999,-999,-999,-999,-999,-999,-999,-999,-999,-999,-999,-999,-999,-999,-999,-999,-999,20201023_W_4-LC,10049,W,04,-999,-999
-999,-999,-999,-999,-999,-999,-999,204,40.6,-999,50.4,-999,-999,-999,50.3,-999,-999,-999,-999,-999,-999,-999,25.555555555555554,26.8,107.44444444444444,-999,53,-999,-999,-999,20201023_S_5-LC,10050,S,12,977.5,1362.5
-999,-999,-999,-999,-999,-999,-999,-999,-999,-999,-999,-999,-999,-999,-999,-999,-999,-999,-999,-999,-999,-999,-999,-999,-999,-999,-999,-999,-999,-999,20201023_W_5-LC,10050,W,04,15.499999999999998,12.750000000000002
-999,-999,-999,-999,-999,-999,-999,186,35.6,-999,44.6,-999,-999,-999,43.9,-999,-999,-999,-999,-999,-999,-999,22.11111111111111,24.5,91.77777777777777,-999,45.888888888888886,-999,-999,-999,20201023_S_6-LC,10051,S,12,2874.9999999999995,4450
-999,-999,-999,-999,-999,-999,-999,-999,-999,-999,-999,-999,-999,-999,-999,-999,-999,-999,-999,-999,-999,-999,-999,-999,-999,-999,-999,-999,-999,-999,20201023_W_6-LC,10051,W,04,-999,-999
-999,-999,-999,-999,-999,-999,-999,134,34.3,-999,41.7,-999,-999,-999,43.6,-999,-999,-999,-999,-999,-999,-999,21.333333333333332,24.3,87.77777777777777,-999,44.44444444444444,-999,-999,-999,20201023_S_7-LC,10052,S,12,-999,2225
-999,-999,-999,-999,-999,-999,-999,-999,-999,-999,-999,-999,-999,-999,-999,-999,-999,-999,-999,-999,-999,-999,-999,-999,-999,-999,-999,-999,-999,-999,20201023_W_7-LC,10052,W,04,15.25,-999
-999,-999,-999,-999,-999,-999,-999,159,36.3,-999,42.8,-999,-999,-999,46.7,-999,-999,-999,-999,-999,-999,-999,22.444444444444443,25.6,91.22222222222221,-999,46.55555555555555,-999,-999,-999,20201023_S_8-LC,10053,S,12,1325,2012.5000000000002
-999,-999,-999,-999,-999,-999,-999,-999,-999,-999,-999,-999,-999,-999,-999,-999,-999,-999,-999,-999,-999,-999,-999,-999,-999,-999,-999,-999,-999,-999,20201023_W_8-LC,10053,W,04,-999,-999
-999,-999,-999,-999,-999,-999,-999,-999,-999,-999,-999,-999,-999,-999,-999,-999,-999,-999,-999,-999,-999,-999,-999,-999,-999,-999,-999,-999,-999,-999,20201023_W_9_12-LC,10054,W,04,-999,-999
-999,-999,-999,-999,-999,-999,-999,-999,31.5,-999,10.3,-999,-999,-999,-999,-999,-999,-999,-999,-999,-999,-999,-999,-999,36.77777777777778,-999,-999,-999,-999,-999,20190415_C_A-LC,10055,C,03,-999,-999
-999,-999,-999,-999,-999,-999,-999,-999,-999,24.444444444444443,-999,-999,-999,-999,-999,-999,-999,-999,-999,-999,-999,-999,-999,-999,16.11111111111111,-999,23,-999,-999,-999,20190415_C_B-LC,10056,C,03,752.5,490
-999,-999,-999,-999,-999,-999,-999,19.5,6.68,11.777777777777777,-999,8.33,-999,-999,-999,7.588888888888889,-999,-999,-999,-999,-999,-999,-999,5.93,-999,-999,8.81111111111111,-999,-999,-999,20190415_C_C-LC,10057,C,03,-999,-999
-999,-999,-999,-999,-999,-999,-999,-999,-999,43.22222222222222,53,-999,-999,-999,-999,-999,-999,-999,-999,-999,-999,11.222222222222221,-999,-999,18.22222222222222,-999,30.777777777777775,-999,-999,-999,20190415_C_D-LC,10058,C,03,-999,-999
-999,15.333333333333334,-999,-999,-999,-999,17.11111111111111,-999,-999,81.55555555555556,128,-999,-999,-999,-999,-999,-999,-999,50.85714285714286,-999,-999,-999,-999,-999,-999,-999,-999,-999,-999,10.011111111111111,20190415_C_E-LC,10059,C,12,831.25,2074.9999999999995
-999,18.333333333333332,-999,-999,-999,-999,10.588888888888889,-999,-999,54.111111111111114,81.4,-999,-999,-999,-999,-999,-999,-999,525.7142857142858,-999,-999,-999,-999,-999,-999,-999,-999,-999,-999,18.777777777777775,20190415_C_F-LC,10060,C,12,-999,-999
-999,-999,-999,-999,-999,-999,-999,-999,-999,-999,-999,12.2,-999,-999,140,14.11111111111111,-999,-999,-999,-999,-999,-999,-999,427,12.888888888888888,-999,-999,-999,-999,-999,20190511_C_G-LC,10061,C,12,118.125,-999
-999,-999,-999,-999,-999,-999,6.655555555555556,-999,-999,20.999999999999996,7.23,-999,-999,-999,-999,-999,-999,-999,-999,-999,-999,-999,-999,13.8,36.22222222222222,-999,24,-999,-999,-999,20190511_C_H-LC,10062,C,03,238.75,283.75
31.875,-999,-999,-999,-999,-999,6.833333333333334,-999,275,94.11111111111111,14.5,-999,-999,188.88888888888889,-999,-999,-999,-999,11.428571428571429,-999,-999,-999,-999,19.1,10.499999999999998,-999,13.666666666666668,-999,-999,16,20190511_C_I-LC,10063,C,12,637.5,855
-999,-999,-999,-999,-999,-999,-999,-999,26.9,-999,23.4,-999,-999,-999,-999,-999,-999,-999,-999,-999,-999,39,421.1111111111111,-999,50.111111111111114,-999,385.55555555555554,-999,-999,-999,20190511_C_J-LC,10064,C,12,-999,188.74999999999997
293.75,-999,-999,-999,-999,-999,12,-999,-999,872.2222222222222,99.2,19.9,-999,896.6666666666666,-999,-999,-999,-999,123.28571428571429,-999,-999,-999,-999,11.2,-999,-999,-999,-999,-999,187.77777777777777,20190511_C_K-LC,10065,C,18,4037.4999999999995,2237.5
1111.25,13.222222222222221,-999,-999,-999,-999,251.11111111111111,-999,-999,2966.6666666666665,309,-999,-999,1266.6666666666667,-999,-999,-999,-999,155.71428571428572,57.77777777777778,-999,46.11111111111111,-999,17.1,-999,-999,-999,-999,-999,494.44444444444446,20190511_C_L-LC,10066,C,18,34249.99999999999,9950
-999,-999,-999,-999,-999,-999,-999,13.6,-999,198.88888888888889,-999,18.9,-999,-999,-999,-999,-999,-999,-999,-999,-999,-999,-999,7.35,-999,-999,205.55555555555554,-999,-999,-999,20190511_C_M-LC,10067,C,12,183.74999999999997,104.375
-999,-999,-999,-999,-999,-999,-999,-999,10.5,-999,7.27,22.1,-999,12.333333333333332,5320,410,-999,-999,-999,-999,-999,-999,20.777777777777775,4000,39.55555555555556,-999,22.444444444444443,-999,-999,-999,20190511_C_N-LC,10068,C,18,208.75,129.99999999999997
-999,-999,-999,-999,-999,-999,-999,-999,8.06,-999,-999,27.3,-999,-999,4480,396.66666666666663,-999,-999,-999,-999,-999,-999,20.555555555555554,4390,36.666666666666664,-999,19.666666666666664,-999,-999,-999,20190511_C_O-LC,10069,C,18,320,136.24999999999997
-999,-999,-999,-999,-999,-999,-999,-999,9.92,-999,-999,-999,-999,-999,1450,94.77777777777777,-999,-999,-999,-999,-999,-999,12.555555555555555,969,32.88888888888889,-999,14,-999,-999,-999,20190528_C_A-LC,10070,C,12,-999,-999
-999,-999,-999,-999,-999,-999,-999,-999,6.29,-999,-999,-999,-999,18.666666666666668,971,81,-999,-999,-999,-999,-999,-999,18.11111111111111,611,34.11111111111111,-999,17.77777777777778,-999,-999,-999,20190528_C_B-LC,10071,C,12,259.99999999999994,148.75
-999,-999,-999,-999,-999,-999,-999,70.6,-999,185.55555555555554,-999,-999,-999,-999,10.1,-999,-999,-999,-999,-999,-999,-999,-999,19.3,-999,-999,130,-999,-999,-999,20190528_C_C-LC,10072,C,12,-999,87.875
-999,-999,-999,-999,-999,-999,-999,-999,27.2,-999,18.7,-999,-999,-999,-999,-999,-999,-999,-999,-999,-999,15.333333333333334,502.22222222222223,-999,41.666666666666664,-999,411.1111111111111,-999,-999,-999,20190528_C_D-LC,10073,C,12,-999,161.25
123.75,-999,-999,-999,-999,-999,8.299999999999999,-999,-999,1544.4444444444443,85.5,21.1,-999,106.22222222222221,21.3,-999,-999,-999,84.42857142857143,-999,56,-999,-999,10.3,-999,-999,-999,-999,-999,31.77777777777778,20190528_C_E-LC,10074,C,18,7475.000000000001,4837.499999999999
-999,-999,-999,-999,-999,-999,-999,-999,-999,-999,-999,-999,-999,-999,75.6,17.77777777777778,-999,-999,-999,-999,-999,-999,-999,103,12.999999999999998,-999,-999,-999,-999,-999,20190528_C_F-LC,10075,C,12,167.5,110.12499999999999
-999,-999,-999,-999,-999,-999,-999,-999,-999,13.666666666666668,-999,-999,-999,-999,11.2,-999,-999,-999,-999,-999,-999,-999,-999,-999,14.555555555555555,-999,16.77777777777778,-999,-999,-999,20190528_C_G-LC,10076,C,03,173.75000000000003,-999
-999,-999,-999,-999,-999,-999,-999,-999,-999,28.88888888888889,38.5,319,-999,-999,2300,254.44444444444443,-999,-999,-999,-999,-999,6.7555555555555555,-999,869,13.777777777777779,-999,21.555555555555554,-999,-999,-999,20190528_C_H-LC,10077,C,18,-999,-999
-999,-999,-999,-999,-999,-999,-999,12.4,6.18,27.111111111111107,5.6,-999,-999,-999,-999,-999,-999,-999,-999,-999,-999,-999,-999,5.2,11.333333333333332,-999,16.666666666666668,-999,-999,-999,20190819_C_I-LC,10078,C,03,-999,-999
21,-999,11.5,-999,34.8,-999,-999,901,40.3,-999,-999,13.3,-999,-999,95.9,7.344444444444445,-999,-999,-999,-999,-999,215.55555555555554,14.444444444444445,48.6,41.666666666666664,-999,16,223.33333333333331,495.55555555555554,-999,20190819_C_J-LC,10079,C,18,106.875,184.99999999999997
-999,-999,-999,-999,28.4,15.666666666666666,-999,119,231,-999,-999,-999,-999,-999,17.7,-999,-999,-999,-999,-999,-999,212.22222222222223,13.555555555555554,-999,35.55555555555556,-999,13.444444444444443,39.55555555555556,90.1111111111111,-999,20190819_C_K-LC,10080,C,12,-999,-999
436.25,-999,-999,-999,-999,-999,196.66666666666666,-999,-999,1611.111111111111,11.5,7.41,-999,565.5555555555555,-999,-999,-999,-999,29.142857142857142,494.44444444444446,150,-999,-999,-999,-999,-999,-999,-999,-999,93.77777777777779,20190819_C_L-LC,10081,C,18,14750,2899.9999999999995
32.875,-999,-999,-999,26.4,8.766666666666666,-999,802,41.3,-999,-999,10.1,-999,-999,122,9.488888888888887,-999,-999,-999,-999,-999,116.66666666666666,14.666666666666666,72.1,51.44444444444444,-999,25.999999999999996,198.88888888888889,817.7777777777777,-999,20190819_C_M-LC,10082,C,18,534.9999999999999,593.7499999999999
16.75,-999,-999,-999,31.6,30.777777777777775,-999,101,275,-999,-999,-999,-999,-999,18.5,-999,-999,18.404818848316605,-999,-999,-999,311.1111111111111,24.77777777777778,-999,57.11111111111111,-999,19.888888888888886,16,123.33333333333333,-999,20190819_C_N-LC,10083,C,12,-999,-999
-999,-999,-999,-999,-999,-999,-999,-999,34.6,-999,38.3,-999,-999,-999,-999,-999,-999,-999,-999,-999,-999,22.11111111111111,41,-999,76,-999,60.33333333333333,-999,-999,-999,20190819_C_O-LC,10084,C,03,-999,131.24999999999997
7.4375,-999,-999,-999,72.8,68.88888888888889,-999,393,472,-999,-999,-999,-999,-999,111,6.655555555555556,-999,-999,-999,-999,-999,1021.1111111111111,-999,47.8,22.333333333333336,-999,9.5,-999,420,-999,20190819_C_P-LC,10085,C,12,105.25,281.25
11.374999999999998,-999,5.61,-999,34.8,-999,-999,281,21.5,-999,-999,7.1,-999,-999,16.9,5.777777777777778,-999,-999,-999,-999,-999,116.66666666666666,17.666666666666668,7.39,42.55555555555555,-999,17.77777777777778,127.77777777777777,134.44444444444443,-999,20190819_C_Q-LC,10086,C,12,-999,153.75
-999,-999,-999,-999,-999,-999,-999,-999,-999,-999,-999,-999,-999,-999,-999,-999,-999,-999,-999,-999,-999,-999,-999,-999,-999,-999,-999,-999,-999,-999,20200304_C_A-LC,10087,C,03,-999,-999
-999,-999,-999,-999,-999,-999,-999,-999,-999,-999,-999,-999,-999,-999,-999,-999,-999,-999,-999,-999,-999,-999,-999,-999,-999,-999,-999,-999,-999,-999,20200304_C_B-LC,10088,C,03,-999,-999
-999,-999,-999,-999,-999,-999,-999,-999,13.5,-999,-999,-999,-999,-999,-999,-999,-999,-999,-999,-999,-999,-999,-999,-999,30.777777777777775,-999,-999,-999,-999,-999,20200304_C_C-LC,10089,C,03,-999,-999
-999,-999,-999,-999,-999,-999,-999,-999,16.4,-999,6.96,-999,-999,-999,-999,-999,-999,-999,-999,-999,-999,-999,-999,-999,15.666666666666666,-999,-999,-999,-999,-999,20200304_C_D-LC,10090,C,03,-999,-999
-999,-999,-999,-999,-999,-999,45.55555555555556,-999,-999,171.11111111111111,266,-999,-999,-999,-999,-999,11.033333333333333,-999,-999,50.77777777777778,-999,-999,-999,-999,-999,-999,-999,-999,-999,-999,20200304_C_Eg-LC,10091,C,12,-999,-999
-999,-999,-999,-999,-999,-999,54.111111111111114,-999,-999,403.3333333333333,530,-999,-999,36.333333333333336,-999,-999,38.77777777777778,-999,9.128571428571428,116.66666666666666,-999,12.11111111111111,-999,-999,-999,-999,-999,-999,-999,14,20200304_C_Et-LC,10092,C,12,1787.4999999999998,8712.499999999998
-999,-999,-999,-999,-999,-999,29.666666666666664,-999,-999,150,209,-999,-999,-999,-999,-999,16.666666666666668,-999,-999,53.33333333333333,-999,-999,-999,-999,-999,-999,-999,-999,-999,-999,20200304_C_Fg-LC,10093,C,12,-999,-999
26.499999999999996,-999,-999,-999,-999,-999,73.55555555555556,-999,-999,603.3333333333334,498,-999,-999,26.444444444444443,-999,-999,55.22222222222222,-999,27.142857142857146,117.77777777777777,-999,8.288888888888888,-999,-999,-999,-999,-999,-999,-999,12,20200304_C_Ft-LC,10094,C,12,1562.5,5100
-999,-999,-999,-999,-999,-999,-999,-999,-999,27.555555555555557,-999,-999,-999,-999,-999,-999,-999,-999,-999,-999,-999,-999,-999,-999,21.77777777777778,-999,19,-999,-999,-999,20200304_C_G-LC,10095,C,03,-999,-999
-999,-999,-999,-999,-999,-999,67.11111111111111,-999,-999,188.88888888888889,643,-999,-999,-999,-999,-999,68.66666666666666,-999,-999,153.33333333333334,-999,-999,-999,-999,-999,-999,-999,-999,-999,-999,20200304_C_Hg-LC,10096,C,12,-999,1337.5
11.812499999999998,-999,-999,-999,-999,-999,77.22222222222221,-999,-999,588.8888888888889,768,-999,-999,28.333333333333332,-999,-999,96.77777777777777,-999,36,75.55555555555556,-999,-999,-999,-999,-999,-999,-999,-999,-999,36.99999999999999,20200304_C_Ht-LC,10097,C,18,9725,5649.999999999999
-999,-999,-999,-999,-999,-999,65.55555555555556,-999,-999,198.88888888888889,1570,-999,-999,-999,-999,-999,333.3333333333333,-999,-999,444.44444444444446,-999,-999,-999,-999,-999,-999,-999,-999,-999,-999,20200304_C_Ig-LC,10098,C,12,253.74999999999997,528.7499999999999
30.249999999999996,-999,-999,-999,-999,-999,224.44444444444443,-999,-999,1177.7777777777778,1680,-999,-999,72.11111111111111,-999,-999,113.33333333333333,-999,39.714285714285715,213.33333333333331,22,-999,-999,-999,-999,-999,-999,-999,-999,32.44444444444444,20200304_C_It-LC,10099,C,12,3750,11299.999999999998
-999,-999,-999,-999,-999,-999,128.88888888888889,-999,-999,374.44444444444446,957,-999,-999,-999,-999,-999,62.77777777777778,-999,-999,23.555555555555554,-999,-999,-999,-999,-999,-999,-999,-999,-999,-999,20200304_C_Jg-LC,10100,C,12,-999,-999
-999,-999,-999,-999,-999,-999,466.66666666666663,-999,-999,1300,1360,-999,-999,12.444444444444443,-999,-999,178.88888888888889,-999,10.085714285714285,21.444444444444446,8.188888888888888,22.555555555555557,-999,-999,-999,-999,-999,-999,-999,-999,20200304_C_Jt-LC,10101,C,18,-999,3624.9999999999995
-999,-999,-999,-999,-999,-999,112.22222222222221,-999,-999,177.77777777777777,631,-999,-999,-999,-999,-999,67.22222222222221,-999,11.985714285714288,11.444444444444445,-999,-999,-999,-999,-999,-999,-999,-999,-999,-999,20200304_C_Kg-LC,10102,C,12,-999,-999
37,-999,-999,-999,-999,-999,647.7777777777777,-999,-999,1188.888888888889,2150,-999,-999,39.888888888888886,-999,-999,1027.7777777777778,-999,33.00000000000001,21.444444444444446,62.77777777777778,154.44444444444443,-999,-999,-999,-999,-999,-999,-999,48.22222222222222,20200304_C_Kt-LC,10103,C,18,837.5,3062.5
-999,-999,-999,-999,-999,-999,-999,-999,20.9,-999,-999,-999,-999,-999,9.69,-999,-999,-999,-999,-999,-999,16.333333333333332,14,-999,31.77777777777778,-999,13.666666666666668,-999,12.555555555555555,-999,20200304_C_L-LC,10104,C,03,-999,-999
-999,-999,-999,-999,-999,-999,-999,-999,14.6,-999,-999,15.7,-999,-999,-999,-999,-999,-999,-999,-999,-999,9.355555555555556,8.244444444444444,-999,25.777777777777775,-999,8.71111111111111,-999,-999,-999,20200304_C_M-LC,10105,C,03,-999,-999
-999,-999,-999,-999,-999,-999,-999,7.85,27.1,-999,-999,-999,-999,-999,11.7,-999,-999,-999,-999,-999,-999,20.444444444444443,8.688888888888888,-999,22.333333333333336,-999,11.666666666666666,-999,9.88888888888889,-999,20200304_C_N-LC,10106,C,03,-999,-999
-999,-999,-999,-999,-999,-999,-999,8.02,-999,-999,-999,-999,-999,-999,-999,-999,-999,-999,-999,-999,-999,-999,7.111111111111112,-999,25.11111111111111,-999,12.333333333333332,-999,6.988888888888889,-999,20200304_C_O-LC,10107,C,03,-999,-999
-999,-999,-999,-999,-999,-999,-999,60.9,-999,-999,-999,-999,-999,-999,10.4,-999,-999,-999,-999,-999,-999,23.11111111111111,6.711111111111111,-999,22.77777777777778,-999,9.299999999999999,-999,12.777777777777777,-999,20200304_C_P-LC,10108,C,12,-999,-999
-999,-999,-999,-999,-999,-999,-999,-999,16.8,-999,-999,-999,-999,-999,10.8,-999,-999,-999,-999,-999,-999,11.666666666666666,12.444444444444443,-999,25.333333333333332,-999,11.044444444444444,-999,9.755555555555555,-999,20200304_C_Q-LC,10109,C,03,-999,-999
-999,-999,-999,-999,-999,-999,-999,-999,-999,-999,-999,-999,-999,-999,-999,-999,-999,-999,-999,-999,-999,-999,9.988888888888889,-999,25.777777777777775,-999,11.222222222222221,-999,-999,-999,20200304_C_R-LC,10110,C,03,-999,236.25
-999,-999,-999,-999,-999,-999,-999,54.4,-999,-999,-999,-999,-999,-999,22.2,-999,-999,-999,-999,-999,-999,6.8,12.999999999999998,-999,31.11111111111111,-999,14,-999,18.11111111111111,-999,20200304_C_S-LC,10111,C,03,-999,-999
-999,-999,-999,-999,-999,-999,-999,16.2,6.9,-999,-999,-999,-999,-999,13,-999,-999,-999,-999,-999,-999,10.677777777777777,12.333333333333332,-999,34,-999,15.11111111111111,-999,9.477777777777776,-999,20200304_C_T-LC,10112,C,03,-999,-999
-999,-999,-999,-999,-999,-999,-999,-999,26.3,-999,31.8,-999,-999,-999,-999,-999,-999,-999,-999,-999,-999,9.566666666666666,15.444444444444445,-999,56,-999,30.777777777777775,-999,-999,-999,20200304_C_U-LC,10113,C,03,-999,-999
-999,-999,-999,-999,-999,-999,-999,-999,15.6,-999,23.9,-999,-999,-999,-999,-999,-999,-999,-999,-999,-999,-999,16.11111111111111,-999,53.33333333333333,-999,29.11111111111111,-999,-999,-999,20200304_C_V-LC,10114,C,03,-999,-999
-999,-999,-999,-999,-999,-999,-999,-999,11.2,-999,20.7,-999,-999,-999,-999,-999,-999,-999,-999,-999,-999,-999,11.777777777777777,-999,43.11111111111111,-999,21.77777777777778,-999,-999,-999,20200304_C_W-LC,10115,C,03,-999,97.625
-999,-999,-999,-999,-999,-999,-999,-999,13.1,-999,19.4,-999,-999,-999,-999,-999,-999,-999,-999,-999,-999,-999,12.666666666666666,-999,41.333333333333336,-999,29.888888888888886,-999,-999,-999,20200304_C_X-LC,10116,C,03,-999,-999
-999,-999,-999,-999,-999,-999,-999,-999,9.56,-999,-999,-999,-999,-999,9.8,-999,-999,-999,-999,-999,-999,7.133333333333333,368.88888888888886,-999,34.77777777777778,-999,308.88888888888886,-999,-999,-999,20200820_C_A-LC,10117,C,12,-999,-999
22.374999999999996,-999,-999,-999,-999,-999,-999,-999,14.7,-999,22.1,-999,-999,-999,113,7.5777777777777775,-999,-999,-999,-999,-999,12,21.666666666666668,29.3,48.22222222222222,-999,34.33333333333333,-999,-999,-999,20200820_C_B-LC,10118,C,18,146.25,268.75
-999,-999,-999,-999,-999,-999,-999,48.9,24.7,-999,19.2,-999,-999,-999,84.7,16.77777777777778,-999,-999,-999,-999,-999,6.033333333333333,15.666666666666666,6.38,59.55555555555556,-999,29.333333333333332,-999,-999,-999,20200820_C_C-LC,10119,C,12,-999,617.4999999999999
31.625,-999,-999,-999,-999,-999,-999,-999,11.6,-999,19.3,-999,-999,-999,163,9.566666666666666,-999,-999,-999,-999,-999,7.2555555555555555,10.966666666666665,49.6,39.888888888888886,-999,22.444444444444443,-999,-999,-999,20200820_C_D-LC,10120,C,18,95.99999999999999,538.75
-999,-999,-999,-999,-999,-999,-999,-999,24,-999,-999,-999,-999,-999,5.84,-999,-999,-999,-999,-999,-999,8.477777777777778,195.55555555555554,-999,34,-999,198.88888888888889,-999,-999,-999,20200820_C_E-LC,10121,C,12,-999,-999
60.75,-999,-999,-999,-999,-999,652.2222222222222,-999,-999,-999,1600,-999,-999,23,-999,-999,56.44444444444444,-999,95.42857142857143,616.6666666666666,28.555555555555554,55.33333333333333,-999,-999,-999,-999,-999,-999,-999,49.77777777777777,20200820_C_Ft-LC,10122,C,18,2912.5,6012.499999999999
